"","closeness_centrality"
"2961557",460031.675356727
"24950101",466527.223016431
"24950102",479258.799932829
"24950105",488145.929243717
"4835108995",501887.290264826
"2961540",500682.243676311
"24950109",505073.916550222
"2961549",522728.003565842
"24950113",526344.289305647
"4077593104",535964.597613009
"24950114",546354.978848362
"4867087535",555932.125478293
"109414",616918.889396407
"2961885",636002.079917619
"2961891",717168.373639934
"1312454086",725321.362781186
"3215687074",737316.295611081
"1547013730",789111.571183077
"1312453936",804577.782232073
"4077568072",818633.637496322
"1312453879",829552.292309815
"1547013601",842831.825283829
"4077568073",857068.064849514
"1547013760",863060.878716956
"1547013593",882493.307869482
"1547013704",906864.166071038
"1547013604",935967.859869099
"1550763732",973996.542579436
"1547013699",975937.023254599
"1547013754",1012022.96246225
"4619022514",1027564.44378062
"3830043581",1045281.85788049
"4077568076",1066262.68031865
"1547393045",1079504.85382549
"1547392865",1090224.56018598
"4077568077",1097449.6683562
"707377287",1110853.26243354
"30056330",1123449.74444371
"25476134",1178975.35557141
"109728",1213605.19744635
"107606",1270808.8212705
"18382242",488600.763312619
"268997560",488452.736174489
"24950093",471699.768632304
"24951853",630171.448980052
"4922952373",633620.247389023
"1046306670",644808.258457848
"109785",628720.55663259
"107587",695545.168771395
"3381130090",685833.582177818
"1782717878",681675.541898873
"2538458898",463274.184208436
"2195965722",465982.794820502
"1939558646",469796.049200044
"5218862786",472482.568734473
"357999964",474092.783931399
"24950104",480241.691304231
"25248113",491077.396206997
"24950107",499556.896714722
"25248114",503846.998382507
"24950110",519589.242129557
"24950111",524849.840184882
"24950112",545994.798041341
"25248126",552235.900008645
"24951721",573986.269765643
"1566270189",596168.963292325
"1566269623",612265.459090516
"18395288",529382.507610298
"25161370",539503.667767866
"1717643537",556583.077984301
"18393873",566929.623632629
"28800667",574783.45663561
"25161371",578629.132412366
"1782724124",594953.936808627
"1684511955",594928.274530483
"10677375",592948.570324409
"10677374",556261.211351125
"1312264610",554195.518724823
"1782718791",552069.604430878
"2902624645",547055.761608163
"4835108996",534186.678439406
"1144619335",518203.893053034
"4835108997",508164.604690686
"1939558704",480368.984019629
"25161357",532637.996874866
"2684431448",531913.547240131
"2684431449",531175.452194158
"107639",504695.784164556
"2387195347",492839.271796939
"2387195344",488731.559868202
"2387194150",484392.760333825
"18395287",578558.452414166
"5043864464",588453.631248155
"1718328435",585168.730457168
"25161369",548447.017364317
"28800672",541539.128146852
"5046005790",526701.846257
"1718328198",522406.738701835
"1771426173",512241.380024319
"104322",501413.939909389
"21307200",565850.584329133
"1782718792",561328.97617158
"104321",651857.062064003
"5046314040",673868.522556653
"24951854",689569.300777287
"2387194128",483954.277036421
"18468951",691933.048631371
"18468953",598876.915986635
"107645",741213.953979195
"1311961826",729696.979095716
"319984684",718171.574121753
"5006978857",711545.91422877
"2466442731",693836.440264904
"18468962",672747.04232622
"107628",608922.541682224
"1951616297",615685.02472642
"1678227045",620340.734012544
"25532384",632326.455578165
"20458277",672034.605273594
"2490721964",681262.727431714
"1571298195",693015.353064677
"1571298141",696611.467505962
"20458276",694103.817839731
"250326914",689616.912981339
"1401416208",679635.906687798
"250327159",640836.173036382
"18469132",606585.392263185
"10677377",588844.411092623
"212927414",606312.07995468
"1401416203",616760.69718784
"4835109002",647446.455296414
"20458272",649422.152173494
"4618510643",663237.813234014
"2934268020",667658.830600574
"2642878568",604831.904455144
"10677376",550527.63223157
"20626307",937346.932092043
"1852996517",904851.371628235
"1852996670",878895.688331418
"1536948474",837408.354190142
"109412",821336.14391737
"20626313",951704.426360284
"4866475732",894863.847299477
"1771426172",517801.236761821
"25161345",525982.609653522
"316763501",541032.310584908
"24950117",545687.240386238
"1721678995",557591.890552825
"25161346",579642.126233391
"28800676",611677.395708656
"1721679015",620059.18719591
"268997562",670358.661305125
"1046334316",697355.553920455
"25632862",714662.148541069
"3519879307",731737.23408763
"1081508200",755810.21924433
"1311961927",794240.862363799
"1771426174",801725.173823092
"3339707770",813646.568319211
"21990632",632558.322805166
"1718566880",643343.690920841
"21990631",676773.519816881
"24949776",542614.849849505
"1733389217",480566.500072362
"1312264512",484430.451999752
"1733389249",475073.320511909
"24950094",462337.068268615
"2387226309",460245.001602618
"2387226316",463533.544851652
"2387226314",465891.303459991
"2387226307",468589.841362326
"2387226304",470652.942105434
"2387226311",472828.776520085
"2387226313",474668.419997875
"24659947",472411.501662446
"1311961990",475416.815395537
"24659907",476636.673511695
"1046391070",460559.892886537
"4866976617",454384.274606337
"1733389278",449062.527607312
"24949780",473225.249716943
"5199646149",475161.447667228
"5199646141",486632.269598599
"24949781",490287.834896124
"3100169050",497067.553104347
"3100169049",490243.88041611
"24950002",562401.514683494
"24950001",592500.14563864
"1746435089",480869.555903441
"5094718798",484733.453335142
"24949861",484611.384694394
"5094718793",479874.984845594
"24949783",477356.937218386
"24659709",479028.337167812
"1762163776",483482.426095757
"1731216865",476533.613844074
"4866705606",478445.449247301
"4866705607",503313.970898242
"24659736",511524.369182995
"1569241807",514474.62359728
"1569241808",511984.962015637
"24659764",505070.494455796
"107635",501840.423190179
"107636",503197.736538936
"5141625728",510578.479283845
"24949808",554416.634256307
"5095547321",492774.901873164
"1951616327",498302.74959093
"5095547180",537353.025273482
"5095547184",538980.230289354
"24950005",541723.202485583
"24950013",542153.413581414
"24950048",545363.709039026
"24950049",543807.574530492
"24950050",529362.418069554
"107634",523630.778667804
"2389802901",530900.901338127
"2279592862",531316.938548413
"2389802904",528855.762439552
"24950051",522613.766749504
"1951616325",508257.396369403
"24950115",536597.609415578
"2279592861",536937.183999682
"385311590",528253.803957055
"24660863",531590.290868971
"24950698",530550.988109889
"1312188972",529696.991724344
"1312188669",524131.766225471
"24950699",521189.384352701
"24661273",507254.864895605
"24950064",570842.447004815
"24660697",564763.295527037
"1569216662",549940.151233738
"24950067",600389.5314993
"3061197976",607074.567367487
"1939558651",455468.148317962
"1939558657",454200.421653984
"1939558665",452191.029193654
"5218844446",572527.452984265
"24950057",484201.270462197
"1312189026",487990.072608942
"1312188839",490126.826739312
"24950058",490727.830891184
"18468956",536366.129927745
"1938819337",541433.485936819
"2387210650",544950.409777944
"25161350",556073.010824229
"24658010",543791.943248533
"24658007",561733.447839745
"25161367",561946.405884265
"25161349",559935.666665102
"24658003",560941.036606546
"1719899668",558785.496245714
"2195965723",510604.695233392
"5222453735",577291.523741012
"25161356",601133.806232713
"1955520887",718523.750525938
"25066470",683914.820907058
"1938819313",673354.772828997
"4866653236",665262.222666171
"1938819306",660478.327689876
"4866623226",650954.88116133
"25161351",588825.983683897
"25066461",610023.007192109
"25066462",613117.671652111
"5047029678",610699.22804068
"1719899591",564955.15147401
"4922952372",582149.497640594
"1046334318",591571.294122448
"25066334",592926.518885896
"25066333",580363.88754112
"1721678987",536869.372519532
"25066337",566217.418207472
"5087519098",561147.838542578
"25066412",544268.339903108
"25066338",532312.707921164
"5087519104",513009.831542643
"25161347",503642.86012295
"25066419",500206.294604841
"5090420614",506763.993432095
"5090420940",509743.330637875
"5090420965",505139.276819267
"25161348",477791.440044347
"5090420959",484270.013500291
"5090420958",490780.226885175
"5090420964",492470.952927394
"5090420610",504168.410982916
"25066451",550069.580682264
"5224610576",550643.877667963
"1717650794",560441.937376176
"25066453",546361.828217081
"25066450",538489.473887927
"1718233994",522729.540098477
"1718233957",517711.577373603
"1718233922",510649.619086916
"25161368",499708.237301706
"1684511897",553567.755344513
"2218340965",446103.224504578
"25066457",474784.444557576
"25161365",640745.777771906
"4866623230",649879.149851969
"25066666",687756.34567312
"4866552621",724177.451449676
"4866552625",731008.476248896
"4085778924",734274.366255727
"25066687",660659.254391719
"25067265",641927.536081436
"2566132609",647931.062113701
"1569382170",651944.900564396
"1569382174",656602.919276564
"2504822139",680461.986050461
"25067266",690595.213805966
"2504822137",695584.012426957
"1852996996",693110.765800243
"2504822145",689850.686479238
"25067267",679113.671866775
"25161352",580875.074274599
"1590789219",592027.491022179
"3233714199",598531.961972142
"25066784",600824.076911704
"25067068",570614.022629027
"3233714192",575120.268060677
"3233714193",579416.130434803
"3233714198",602818.298355164
"1938819327",539064.256307011
"25161366",544005.451390962
"2387209415",548195.383072767
"1360122924",553820.401873436
"3233714197",569089.690893398
"25067128",570026.451212596
"25067264",632430.229704006
"1569382119",640699.542086082
"25067298",654893.768800817
"1569382157",654909.634043382
"2566132611",622128.633850099
"25067304",625664.807731441
"2566132610",627290.341456349
"25067305",654837.154774007
"5201625543",642286.480632217
"4085778927",645530.576354031
"2387194158",537523.865781747
"3233714195",573392.723759132
"3233714194",572344.9956935
"25067324",539401.059880937
"5141877019",539201.831026286
"5247857728",538055.45594069
"4866664736",528601.194366066
"25067400",510922.064035637
"107638",516006.188258303
"5141877239",556602.408121306
"5141876996",570267.970654963
"950703625",605134.885256116
"1726783391",609392.425809417
"950703626",607596.120958461
"25067326",609977.683144736
"5146186489",607044.205172481
"25067395",603420.28529791
"5146186470",601251.969184524
"25067396",599830.053243871
"5146186463",598338.225361908
"25067397",596716.530320144
"25067398",580721.798699428
"5146186458",633249.33542502
"5146186459",628563.611933667
"4085778933",621891.457406394
"5201625548",620641.092186155
"5146186460",600829.422827354
"25067427",590422.438482205
"20955169",867494.144109835
"25505478",846301.708690726
"25161372",821669.534556454
"4085778923",772676.221660123
"4085778934",758447.369989263
"4085778918",748014.711058943
"25066684",744220.186735885
"1536948581",745570.380308813
"5104314256",638336.461032082
"25067469",626972.346550196
"25067470",616939.283775228
"5104314384",609887.247545109
"1186508405",593285.314625665
"25067473",574061.023512408
"25067479",594160.430029377
"25067461",658279.381793785
"5104314275",650661.162983482
"25067463",637009.175074785
"5104314353",603833.182877291
"25067727",601367.786772077
"1569343756",595315.28091052
"1569343909",585693.000773838
"25067558",583696.495648829
"25067636",565525.423601118
"25067670",608912.927828586
"5104314098",598537.907347674
"5104314325",595673.609592441
"1569343576",588791.533329629
"25161361",523275.949985582
"25067932",545931.472318259
"25067637",560490.064882884
"25067728",615590.255428375
"1569343633",618593.763701922
"1569312412",618979.499711127
"25067934",637277.19912633
"5141216765",619765.439271339
"25067935",616870.34016125
"2218344510",548523.999217984
"1497452191",563096.934810043
"2642857199",571013.335572379
"25068755",565281.821783703
"25248117",559699.92295548
"25068781",591291.865238028
"25068840",593316.704331593
"25068862",594164.410606573
"25248128",567800.407447516
"2793904931",579978.28955046
"25069046",617706.81808003
"2642857212",615882.505533667
"2387220934",612989.584964382
"25248118",611950.13849114
"25248119",611044.048954908
"25069071",646178.75412619
"25248120",645482.836988193
"4688513227",648699.552351031
"25069265",668221.622952968
"25248122",666526.322566254
"4688513226",668724.564623521
"25069168",705633.001149147
"25069197",720130.232654971
"25071142",673473.448396007
"2793892940",665647.02158844
"2793904918",654792.036600731
"4688513221",648489.245940058
"25071145",633251.179112332
"2793874569",634863.593915404
"2793874559",655405.652711314
"25071152",725128.37785369
"1211381857",703046.628935731
"1211381855",675566.001526944
"25071131",584203.697314364
"25071090",588369.138393854
"1569216656",592915.003992916
"1569216180",587525.056737616
"25071133",586501.266322331
"25070924",594025.236581892
"2793874555",610786.390632297
"2793874552",612889.037193828
"2793874546",616009.182563991
"25071136",621255.468893362
"1497452184",577766.936362337
"2793874583",571589.936294805
"25248129",558429.662271092
"109416",559255.855428166
"2642857171",568909.698397432
"24950061",559258.639492978
"25248130",551386.328767025
"24661419",547848.477708481
"2193050382",546852.002711307
"2195709210",530502.620374433
"25070474",566993.202786219
"3307352613",561457.880857138
"25248115",545374.393072161
"2538458889",508646.624458426
"25070085",514999.959517817
"25070019",524695.912513117
"25070030",538142.897455758
"25505685",723181.177982106
"1852996856",739279.517633326
"25505634",691011.02250628
"3519324759",697306.473569329
"25505606",741531.56101341
"107627",660815.197298287
"4072083344",672304.926181277
"4072083345",692112.647456452
"259252667",695253.926358424
"1312454045",708640.919996483
"107626",731715.098964351
"1312454055",734889.682721282
"25532464",767774.9305919
"1547013719",811178.076149523
"1547013589",828438.187596973
"1312453996",745546.173231535
"1312454087",748473.938267112
"3272712566",747958.26110274
"3272782433",746689.232176328
"25532332",742450.289190612
"5227220835",735616.461440586
"25544108",798833.532249975
"109788",870977.451765204
"1951616319",631442.109068795
"1951616284",640544.670735164
"1678226917",637473.941383003
"1951616270",635658.123571413
"1951616261",632494.522022553
"25532377",640650.84589011
"3373656553",673228.240821869
"24661966",719338.128799883
"1312453954",732824.053276585
"1312454100",742254.686706582
"1312454066",753187.612711155
"24662037",769229.838496013
"1312453966",784185.329492751
"1312453915",798509.967270723
"25544112",816783.803554129
"27481044",806790.511234869
"1566270409",794474.741106554
"692162556",781682.17396878
"30056280",769555.641222415
"3375451555",703747.697557941
"1678245237",702234.968503532
"27481040",763947.644737515
"692162517",752388.532526896
"1566269741",735302.525778708
"30057967",687893.164058002
"25248125",679517.829019131
"30078473",659827.902269822
"710474271",671063.781275285
"30078474",716610.758774411
"692162510",728979.425024439
"25071139",659517.062082384
"25066331",581354.38341273
"5090420968",576787.124366312
"18468958",583817.394498763
"1938819336",567982.477531257
"2387207418",566538.52287161
"2387207417",561417.362229751
"1938819335",556071.238017084
"2387210651",544914.630180527
"1951616276",609013.202675774
"1951616268",603176.060327118
"25067788",685495.891995699
"25067737",650512.291727142
"25067871",623752.557069776
"5141216745",593031.344065152
"25067883",590657.481965096
"5141216790",586929.69671415
"1569343523",582916.269771341
"1569343577",559261.133298836
"25161362",537365.317191906
"5104314096",611420.159229448
"2642857109",528416.726754647
"2642857103",524149.97891732
"25248112",520193.543215226
"2538458887",524846.660193022
"2642857183",526644.999877278
"25071137",635066.588980503
"2793874537",626009.971167223
"2793874540",623652.380507305
"25248127",591663.846478633
"1951616232",632954.680199075
"329983075",620029.717696342
"1951616263",615986.179518313
"25248123",699639.958239244
"213670986",664850.076872544
"1719422032",661612.90310239
"1312189047",653378.760852428
"1719422038",630901.252521484
"25161373",630664.211004737
"4085778919",624112.396184809
"5201625544",621111.001738296
"25161359",609044.032365243
"25473200",903141.542685877
"25632863",858434.567848995
"1215563890",844112.038021119
"25632864",834715.642767354
"25632865",827510.467624955
"316763600",789531.017241024
"316763586",782564.508980983
"25632859",773792.321409684
"316763584",758966.828874075
"1215563891",753091.943380714
"5046627645",747606.974121419
"5046627553",744449.130845431
"25632860",717788.547242083
"250550174",678223.723448763
"28800660",783044.814473525
"28800669",629157.120247344
"1684549812",599832.111316203
"316763513",562773.583686408
"28800662",675154.198293691
"1311962065",684320.403866312
"1311962079",673987.854068107
"1311961846",662254.812585137
"28800671",644334.888476536
"1782724125",603990.237313957
"316763548",607516.340602723
"1312264648",620658.817980511
"1312264577",629272.982762271
"794039687",636746.428812162
"1312264524",646716.617825561
"28800661",656839.655739482
"1311962043",684331.899413284
"1311961985",696066.961758638
"1311962151",720056.532633968
"373402354",756637.242555679
"109780",772011.998431979
"18469130",604986.184538755
"213672005",701751.361008902
"2642878644",723098.052721556
"244128953",847900.141990882
"1215563905",869477.49545559
"25632855",905783.861911133
"213668839",796961.739589949
"3787673643",715156.965479912
"250327037",851835.008248842
"991123236",809072.250243399
"250327100",792783.430355547
"1685276642",761974.052459806
"1762112726",734603.140587616
"1762112689",715608.746072671
"1762112692",680856.455671916
"1762112657",655936.775830062
"1312188692",674740.789046715
"2934268021",686547.06461033
"2934268022",705371.737452788
"2934268032",708807.059308164
"250549281",725865.754744837
"2934268024",729461.13248881
"2934268023",734402.759332213
"2934268039",736471.194397185
"2934268029",736951.276245454
"250549282",738082.365190767
"4453606953",733030.888687453
"2793905032",718706.60980746
"250549348",714720.517796689
"5218915617",686889.476511929
"5065949598",574235.936126001
"1951616281",581055.959259443
"255700677",714562.628182878
"259252666",697487.539778555
"1689388043",709794.974515593
"5046314073",643540.25410992
"5046314090",641073.945549576
"5046314077",613151.024917915
"5224630617",606170.727858935
"28800689",598269.435832045
"5046314072",649904.345556135
"5046314057",654444.294429166
"316763500",573935.340809694
"1718328280",571040.923253555
"5046005758",569447.990179946
"5046005745",587656.625475782
"5046005743",595757.644068438
"316763545",602892.329504531
"5046005737",604216.9165539
"1718328442",604934.34338196
"1718328445",605829.293320966
"5224549082",798044.447048261
"5224549085",796476.012318451
"5141216746",607862.604962309
"25067936",598499.4682087
"5141216782",596452.796867657
"5141216754",572401.018812337
"25161363",548700.597503608
"1312188886",502615.370861854
"2538458897",501687.882070548
"2538458904",477509.899975287
"1536948527",881519.540204723
"4866475726",858402.335222257
"368044165",838221.540707033
"25505629",827590.152584171
"1938819279",780980.243512624
"3704225378",752815.475861498
"1312453981",656552.287455769
"1311961936",547026.054582976
"1401926435",481370.742723576
"2387194143",479513.468050706
"2387194147",480797.752033839
"2387194141",481691.577348994
"2387194123",482422.177703681
"2387194149",497009.804210272
"2387207420",517205.724876852
"2387207423",529368.446154495
"1782728999",529554.325143068
"2387220933",605173.462592218
"3517719434",623728.145886484
"1312189001",653153.360986386
"3499544028",655836.626450581
"250325336",694091.689829279
"4726152854",754886.002427164
"1312188768",759632.515094704
"107586",769805.463762212
"4077599544",654915.006041378
"25248124",679429.799556172
"30056277",693664.157514726
"109415",711553.044609138
"3381130086",708672.568145929
"3381130087",706657.668629685
"3381130088",704088.466707567
"4688513237",699833.440158501
"4688513224",698240.223716415
"109411",964948.084904903
"1536948487",943906.409166967
"20626315",917712.538368589
"25505670",905322.175640581
"4866475730",884229.214048148
"20626312",879575.62798997
"109734",800302.930451892
"18468963",639206.539224995
"107641",629884.959186652
"3816097104",613079.490893658
"1938819301",683453.177228433
"4866651969",696313.618778641
"4866651962",701976.193911242
"18468966",705941.609552243
"1311962130",687391.466752491
"28800664",825446.657053685
"28800666",785013.286299317
"2990651920",780453.78507794
"2990651921",772728.57267952
"5041945508",763043.612316685
"5042032158",725472.346778719
"1718567007",688360.106539636
"1718566997",678045.219438693
"250549835",676294.745853339
"28800668",624851.833967072
"672061444",580470.390147947
"672061646",615203.876917216
"2406484479",564496.117916362
"1721713677",569940.525927203
"1312188714",589295.309799639
"18468961",563745.680128565
"4866623225",573631.553889577
"1938819320",575507.818197968
"1312335310",898317.313490424
"2387245026",887483.209855965
"2387245027",881527.230312969
"2387245029",875063.340172189
"250327618",786450.515005146
"21990630",758577.01931994
"21990629",672880.412787976
"21990628",624891.369787511
"2902624650",576732.409083375
"1350430181",570359.557876389
"1721713699",567249.58231615
"1046391033",577830.946076306
"5046314092",591216.288663442
"5046314091",584688.795833187
"5247852872",571168.961808235
"1401908258",664032.008753511
"1046306167",782392.63718591
"5224610587",750026.742515486
"5224610588",737309.964584916
"5224610594",718782.233334601
"1046307276",705546.917125917
"5224610590",704962.122889499
"4922952363",694309.202375298
"5224610579",695866.761536716
"25067307",666080.662209042
"1311962055",640014.432344322
"1311961988",629563.571895246
"25067476",557419.690575745
"1951616322",538158.947820514
"25161360",505903.70310172
"1684511838",500105.836883772
"3533830193",496705.369153729
"1310663631",866288.091350585
"5046314043",703018.632524628
"5046314041",710987.128782202
"5046314042",715349.941428947
"2793874580",579397.952458519
"1497452182",587182.4970217
"1497452174",591272.099900303
"1497452171",578435.888194999
"1536948578",825931.398910207
"1536948612",828059.110920752
"1852996954",835034.969425007
"25264998",841965.842089872
"2504847039",865937.714565734
"25264997",905082.51105074
"20955170",951004.324654686
"1536948646",712437.314718365
"20626301",705636.456621766
"1990694624",635987.307654561
"5146186509",642371.659185716
"1782727996",643281.542155679
"1835812754",642261.502094023
"109735",636787.558441117
"1572551227",859472.585804747
"367057576",853453.008391271
"1536948517",849254.997886279
"1536948631",871407.846664501
"2504822135",784573.213609676
"1536948608",803816.807125596
"367057575",818993.026779169
"1536948622",753019.036718104
"25067268",740743.703260303
"25067269",713541.118656476
"5238587995",655700.314839559
"4762892564",512417.536076226
"4690127262",526249.846293479
"1938819315",537760.085286539
"2387207426",541648.502521507
"2387207425",544919.2335669
"30057968",700661.716995688
"1684511892",549012.403877691
"1689388042",704088.672087803
"1719899595",572942.49128453
"5087519101",598432.95671106
"2334502396",607312.724471869
"1719899617",562290.423650436
"1719899611",547733.036393279
"25066340",542493.188506298
"5087519091",541239.993730611
"107646",748129.201984562
"4922952353",741302.708211293
"1726730082",735542.171111232
"1939558644",481937.965120486
"1311961944",483715.552957972
"1311962202",472542.394735066
"2538458886",463903.91625679
"24949784",461743.495427636
"1939558661",450864.493419263
"5218844445",584793.485763336
"24950065",597711.785367344
"5227220845",600222.315829821
"5146186508",637140.759378575
"5201625542",636068.241625451
"5201625538",632957.83584833
"1990694638",631443.15086693
"4085778920",700300.416025472
"1536948529",707286.097908571
"1852996734",752259.351490711
"25505653",801021.45119509
"1852997088",626576.321665393
"25066694",620981.074195523
"1852996875",848519.30185126
"107637",489768.447509136
"1678155318",524972.281259556
"4690127263",512125.074080502
"1938819328",529063.304242824
"1938819330",564539.298445244
"1938819331",570285.482745651
"2387212189",576807.305465145
"1938819326",535687.314941299
"1938819319",537264.433920648
"2387212190",534391.388074835
"2218344503",504824.083592959
"2218344498",503966.218181468
"1939558664",505699.989189982
"2218344505",508057.972692084
"1939558687",522332.42922353
"1939558681",525703.480550968
"3139705121",526157.135863764
"2218344522",527213.400250533
"1939558677",528422.357698773
"2218344516",529541.381299464
"2218344518",521357.628316015
"1939558673",516781.241978994
"2218344509",513278.433809035
"1939558649",458930.396218174
"2218362314",457940.495620702
"1939558650",456955.512979461
"2218362310",456328.801660639
"1939558648",460331.242391271
"1939558647",460292.235720927
"1939558675",447223.843139447
"1939558678",454950.857610847
"1939558679",460990.744001825
"4866784252",464377.1867698
"107652",468245.906804682
"1939558667",485297.674614618
"1939558658",480339.555380307
"2218362312",490104.627042637
"1312264600",460945.728944717
"1939558684",502584.69379492
"1939558689",505843.057861857
"2218362308",507061.999138396
"1939558692",507842.187841495
"1939558700",508370.838540101
"2218362332",509048.941803714
"2218362316",509765.797738596
"212916714",510832.001964944
"4866784251",448791.725527981
"1939558660",445757.628760276
"107651",444386.484191686
"2218348157",513349.984029862
"1939558695",515167.112813659
"2218346838",517130.454294147
"1939558659",459559.71469328
"2218362336",455367.972058612
"1951616231",649648.107746197
"5238587994",633620.289372708
"4077599543",632734.830608185
"4077599545",632084.495870952
"5238587992",630614.403638993
"5227220846",630075.321132933
"2793874522",621694.23070294
"1951616266",598375.898697177
"2378843909",593789.667867312
"1951616236",588855.616335695
"1951616234",586473.024927058
"1782714747",596510.711933153
"1951616278",603704.74605771
"1951616291",602216.958310042
"5141625621",535998.581386115
"5141625625",531021.456357329
"5141625630",523810.213541774
"5141625623",519004.831191626
"5141625703",501602.185053525
"3130435826",645716.984690745
"25161380",639730.497067911
"4529258383",638465.768171952
"25161377",607641.216508089
"1782727992",657767.286450296
"5201625565",639482.998382161
"1939558666",442127.862976758
"4866976610",443841.653657556
"2218364541",446549.717533158
"1939558655",457396.229544735
"2218364543",443647.925647916
"4866976618",472122.534470617
"2387224475",462759.038102648
"2387224474",459891.6575406
"1939558671",502640.779767616
"2218344501",500637.148263116
"1939558672",498519.660260314
"4866807989",494024.594708151
"1939558652",476806.674116072
"1939558693",518838.765516957
"2218348156",526908.154346185
"1312188821",543536.171237955
"3499500263",544778.386820008
"1939558697",497356.584905165
"4866976611",452691.752777678
"2218362849",457338.76769112
"4866976614",472204.360000307
"2218362321",492814.850290103
"1939558701",495127.010481601
"1951616295",622154.452920678
"1951616292",619986.791787612
"1951616287",616106.56154038
"3153656025",1476234.804144
"2378843913",1476234.804144
"2378843911",1476227.2895164
"2378843910",1476227.2895164
"1311962122",535655.93128711
"2387194156",523359.010886429
"2387194157",504975.279474012
"2387194133",500189.45501825
"1782725824",496708.791200824
"2387194148",498735.449956708
"1771426166",508471.273361475
"2140227862",506924.565527829
"2387194131",486572.291414796
"2387194142",487830.143937133
"2387194124",486088.902654685
"2387194126",488695.006549429
"2387194127",494712.87679855
"2387200056",501635.810349379
"2387194129",508685.440437861
"24658060",518850.009782253
"2387200059",534099.216978194
"1311962016",529583.604729775
"5198585557",513239.413431808
"5198585559",511035.834663008
"1678155299",507221.207512747
"3644785104",503887.736443849
"4729628192",502642.120783051
"1938819317",546872.191709987
"2297373047",554417.868753098
"1365887500",456969.042777659
"24950097",467440.515527131
"3517985666",477231.485413733
"3499500226",483765.162161054
"1939558663",455302.433784882
"2218362306",460860.431206809
"1569238052",533525.709558474
"5141625743",538607.374523295
"5095547151",544511.183665976
"5141625747",546736.693145728
"5095547146",546911.840384515
"1569238111",546973.164767578
"5095547147",547043.754621959
"5095547148",547238.666751114
"1569238026",547251.395107934
"5095547153",547243.158801209
"5095547149",547234.120077772
"5095547144",547204.670944166
"1569238068",546497.772747653
"1312189096",546158.731881657
"1312188740",530741.026568249
"1312264618",599127.699208132
"2642878569",608585.377685986
"2406484453",582162.861420844
"2406484452",578085.942559269
"2406484454",572399.435584909
"2406484455",569492.727331284
"2406484460",564951.18215343
"250549587",678182.237636198
"1312188647",683499.702547341
"1312188731",693619.896235272
"1312188845",700651.685807372
"1312188988",707385.154422305
"1312188883",730831.920458318
"1312188704",735373.650971443
"1312188797",739555.575636066
"1312188722",763863.641960927
"1312189057",767270.102336108
"1312188824",773550.639870417
"1312188660",788038.928424228
"1312188955",796711.683449593
"1312188741",801825.077256012
"1312189098",804684.534275874
"354886082",808657.858935132
"1312188694",816398.044004274
"250549670",829319.929741259
"2642857114",520130.965355153
"25069911",512694.548150878
"2642857185",536889.946319279
"107588",530849.592114595
"2642857148",519487.353560116
"2538458899",494633.309757195
"25161384",706365.386306808
"25161383",672110.039948152
"25161381",638294.602578842
"2793874549",672516.510006303
"2793874542",675477.078080185
"2793874531",737640.593089941
"2929116725",758188.869979194
"2934268028",755221.974613207
"1787108619",742716.077466942
"2929116726",751280.51963884
"2929116727",787865.948396288
"2929116728",798157.263963806
"2929116729",799190.564789174
"2929116724",786851.148646018
"2929116730",775693.269598627
"2934268030",737954.212583734
"2934268031",709752.614134822
"2934268033",714344.637949578
"2934268034",730236.864870838
"2934268035",735144.438767782
"2934268036",736077.875922307
"2934268037",738327.531249906
"2934268038",737871.785882425
"2934268040",745497.918129383
"2934268041",744649.602113887
"2934268042",742504.733182939
"2934268043",730069.949875746
"2935536501",646300.917636157
"5227220848",607130.31545635
"1569216406",609434.982006963
"1569215914",613127.417557018
"5227220847",637689.285194726
"5223919935",644460.960601445
"1990694641",678181.397475952
"1990694647",706417.615567794
"1990694635",721371.314823082
"5141625702",493733.706515717
"5141625696",498817.117925465
"5141625698",502134.989892622
"3644748767",517202.003433787
"3392197130",541252.94653608
"20458273",695463.859225936
"20458275",715967.516794527
"1571298192",734630.294837239
"21990624",768376.904710189
"4835108999",787840.882621218
"21990625",800153.626319637
"2003007012",810593.160659883
"2003007023",814462.004399089
"4835108998",823187.051773472
"3334162601",840818.587667743
"991123186",845327.293901076
"250325411",857638.484977096
"21990626",891199.518750146
"1233327202",907216.27512975
"1782716888",913407.658040509
"1787108646",918306.596615428
"110238",940113.255767799
"4085778935",741357.90088393
"4085778922",728320.437896777
"4085778926",698857.005219434
"4229210047",640127.254862106
"4085778928",738800.239985258
"4143767989",742914.634383285
"4229210046",628311.904236651
"5146186507",630820.836861288
"5201625541",629813.499035519
"5201625537",626753.629266883
"4085778930",692474.46690475
"4085778932",699374.907283129
"2941549918",754502.414070284
"2941549933",749729.904597981
"1722621630",738723.094349675
"5201625566",713395.053604141
"1827389620",688220.828165746
"700774224",671653.120062556
"4688513218",631764.147296177
"2218344508",553324.748306351
"2218344511",540961.249394803
"3715515059",526473.055024728
"3816097106",516750.159238003
"3816097107",511618.842876413
"3381130091",678197.176256367
"3816097108",635511.798550372
"385311796",532580.416746649
"4748394420",528648.967866697
"4866475729",886588.225973526
"4866591374",604798.78550434
"4866591376",608352.48895035
"3233714196",611837.327467047
"4866591375",616251.363225457
"4866591373",626404.573515696
"25066696",628723.405004211
"25161353",614931.675418067
"3816097105",608625.079736262
"3656358065",664594.904455505
"5046447437",670299.800030698
"4866651959",677861.256770306
"2387207421",572221.859524088
"1938819325",566004.844896059
"4866651968",694336.709246493
"107643",707720.940192249
"2012969971",721567.828488982
"1311961910",730514.081339648
"25505673",738892.187500532
"4866651966",751216.386302599
"4866976613",451927.109408895
"4866976615",441285.399624319
"2218340967",444607.630206137
"4866976616",443416.05763064
"1678226827",602794.159170302
"107631",611601.462294593
"107632",662502.669063722
"25161378",598066.549550509
"1678226846",594402.198124641
"25161379",589684.459350013
"4922952351",682881.989376312
"4922952352",652074.00132343
"4922952374",649760.332112405
"5014115754",497009.366950674
"5199646139",514278.593376418
"1718328448",610415.63816548
"5065949597",565558.1345973
"5049840242",565603.427059647
"5141354331",563359.276732269
"2378843915",562479.063170331
"5141354330",560662.03212634
"5141354332",558862.048839297
"5065949596",556426.320358705
"3153656030",574358.290544871
"5049840247",582543.899215488
"5049840245",572446.168767134
"3153656028",566558.432650872
"5087519090",538394.540293984
"5087519089",534499.279968615
"5141354333",570263.788761328
"5141354329",571330.14408869
"1678227031",573171.739870622
"5141354328",569340.588639554
"5049840243",581877.785520544
"1951616283",589651.555575814
"5049840248",594611.239130376
"5090420967",565233.276025527
"5141216815",591320.268463097
"5141216791",597650.616496252
"5141216792",608910.97286928
"5141876997",574218.51100519
"5141876999",601651.690885836
"5141876998",581970.325008874
"5141876995",576420.436400485
"5199646138",517951.517685094
"5014115755",506336.216619171
"1312264614",639783.932067172
"1401908259",665439.838816269
"1401908260",667046.615774201
"1684549819",673752.832788461
"250550183",675512.092199943
"1684549825",693354.136467008
"1684549823",694949.130680723
"1684549821",698088.121791692
"1684549820",705285.701554951
"1684549822",708631.518374116
"1684549828",713780.516319948
"1684549830",716584.78571576
"1684549829",724228.017941744
"1684549826",726889.550193557
"1684549827",728705.088787429
"250550338",736026.299145487
"1684511978",710484.485521407
"1684511979",707990.113487184
"5218910025",700000.871271721
"5218885136",691489.039782294
"250550339",682442.052266537
"1684549833",678138.216352015
"5218910023",659988.798252993
"794003484",645809.911358925
"250550340",639654.558509707
"1312264556",639702.087439407
"1684511977",639587.735731528
"1401908261",679216.470522711
"5222453731",597606.227496037
"5222453733",594191.928574281
"5222453732",595116.767195079
"5222453734",582832.719457151
"5223919936",663512.537538476
"3108311329",697153.193509078
"5224549086",814293.5976433
"316763587",829675.530301763
"316763589",835296.541197488
"5224610599",848210.481939433
"5224549083",687595.064528945
"5224549088",827313.471365743
"316763608",830342.113416258
"316763611",844251.593782794
"316763614",847923.02400361
"5224610593",701913.90395145
"4922952367",700563.869091842
"5224610596",652778.548089604
"5224610577",706098.705052492
"5224610578",709587.403996028
"4922952365",649676.077594697
"1718328195",548471.435148173
"1718328224",559551.055904169
"1718328256",566488.186417349
